--
-- PostgreSQL database dump
--

-- Dumped from database version 14.6 (Homebrew)
-- Dumped by pg_dump version 14.6 (Homebrew)

SET statement_timeout = 0;
SET lock_timeout = 0;
SET idle_in_transaction_session_timeout = 0;
SET client_encoding = 'UTF8';
SET standard_conforming_strings = on;
SELECT pg_catalog.set_config('search_path', '', false);
SET check_function_bodies = false;
SET xmloption = content;
SET client_min_messages = warning;
SET row_security = off;

SET default_tablespace = '';

SET default_table_access_method = heap;

--
-- Name: fantasy; Type: TABLE; Schema: public; Owner: newuser
--

CREATE TABLE public.fantasy (
    user_id integer NOT NULL,
    player_id integer NOT NULL,
    fantasy_id integer NOT NULL
);


ALTER TABLE public.fantasy OWNER TO newuser;

--
-- Name: fantasy_id_seq; Type: SEQUENCE; Schema: public; Owner: newuser
--

ALTER TABLE public.fantasy ALTER COLUMN fantasy_id ADD GENERATED BY DEFAULT AS IDENTITY (
    SEQUENCE NAME public.fantasy_id_seq
    START WITH 1
    INCREMENT BY 1
    NO MINVALUE
    NO MAXVALUE
    CACHE 1
);


--
-- Name: player; Type: TABLE; Schema: public; Owner: newuser
--

CREATE TABLE public.player (
    first_name character varying NOT NULL,
    last_name character varying,
    "position" character varying,
    team character varying,
    player_id integer NOT NULL
);


ALTER TABLE public.player OWNER TO newuser;

--
-- Name: users; Type: TABLE; Schema: public; Owner: newuser
--

CREATE TABLE public.users (
    id integer NOT NULL,
    username character varying NOT NULL
);


ALTER TABLE public.users OWNER TO newuser;

--
-- Data for Name: fantasy; Type: TABLE DATA; Schema: public; Owner: newuser
--

COPY public.fantasy (user_id, player_id, fantasy_id) FROM stdin;
2	149	2
1	392	74
1	382	76
1	14	78
1	47	79
1	71	80
3	119	86
3	14	88
3	179	91
3	47	92
3	67	93
1	241	58
\.


--
-- Data for Name: player; Type: TABLE DATA; Schema: public; Owner: newuser
--

COPY public.player (first_name, last_name, "position", team, player_id) FROM stdin;
Ike	Anigbogu	C	IND	14
Ron	Baker	G	NYK	25
Jabari	Bird	G	BOS	47
MarShon	Brooks	G	MEM	67
Lorenzo	Brown	G	TOR	71
Omri	Casspi	F	MEM	90
Alex	Abrines	G	OKC	1
Tyler	Davis	C	OKC	119
Keenan	Evans	G	DET	149
Marcin	Gortat	C	LAC	179
Andrew	Bogut	F	GSW	1593
Amir	Johnson	C-F	PHI	241
Malachi	Richardson	G	UTA	392
Zach	Lofton	G	DET	281
Kosta	Koufos	C	SAC	263
Billy	Preston	F	CLE	382
Zhou	Qi	F-C	HOU	384
Zach	Randolph	F	SAC	388
DJ	Stephens	G-F	MEM	430
Milos	Teodosic	G	LAC	437
Gary	Trent Jr.	G	POR	448
Michael	Smith		BOS	494
John	Morton		CLE	495
Howard	Wright		ATL	496
Michael	Ansley		ORL	497
John	Salley		DET	498
Dan	Schayes		MIL	499
Mark	Eaton		UTA	500
Kevin	Johnson		PHX	501
Danny	Ainge		POR	502
Kenny	Smith		HOU	503
Randy	Breuer		MIN	504
Herb	Williams		DAL	505
Joe	Wolf		DEN	506
Steve	Johnson		GSW	507
Glen	Rice		MIA	508
Greg	Foster		WAS	509
Larry	Nance		CLE	510
Duane	Ferrell		ATL	511
Nick	Anderson		ORL	512
Joe	Dumars		DET	513
Jay	Humphries		MIL	514
Darrell	Griffith		UTA	515
Dan	Majerle		PHX	516
Tom	Chambers		PHX	517
Alaa	Abdelnaby		POR	518
Adrian	Caldwell		HOU	519
Vernon	Maxwell		HOU	520
Doug	West		MIN	521
Tony	Campbell		MIN	522
\.


--
-- Data for Name: users; Type: TABLE DATA; Schema: public; Owner: newuser
--

COPY public.users (id, username) FROM stdin;
2	michaelfeggans@mail.com
1	michaelfeggans@gmail.com
3	tincho@mail.com
4	ryan@mail.com
\.


--
-- Name: fantasy_id_seq; Type: SEQUENCE SET; Schema: public; Owner: newuser
--

SELECT pg_catalog.setval('public.fantasy_id_seq', 93, true);


--
-- Name: player Player_pkey; Type: CONSTRAINT; Schema: public; Owner: newuser
--

ALTER TABLE ONLY public.player
    ADD CONSTRAINT "Player_pkey" PRIMARY KEY (player_id);


--
-- Name: users User; Type: CONSTRAINT; Schema: public; Owner: newuser
--

ALTER TABLE ONLY public.users
    ADD CONSTRAINT "User" PRIMARY KEY (id);


--
-- Name: fantasy fantasy_id_key; Type: CONSTRAINT; Schema: public; Owner: newuser
--

ALTER TABLE ONLY public.fantasy
    ADD CONSTRAINT fantasy_id_key UNIQUE (fantasy_id);


--
-- Name: fantasy fantasy_pkey; Type: CONSTRAINT; Schema: public; Owner: newuser
--

ALTER TABLE ONLY public.fantasy
    ADD CONSTRAINT fantasy_pkey PRIMARY KEY (fantasy_id);


--
-- Name: fantasy fantasy_unique; Type: CONSTRAINT; Schema: public; Owner: newuser
--

ALTER TABLE ONLY public.fantasy
    ADD CONSTRAINT fantasy_unique UNIQUE (player_id, user_id);


--
-- Name: fantasy playerID; Type: FK CONSTRAINT; Schema: public; Owner: newuser
--

ALTER TABLE ONLY public.fantasy
    ADD CONSTRAINT "playerID" FOREIGN KEY (player_id) REFERENCES public.player(player_id);


--
-- Name: fantasy userid; Type: FK CONSTRAINT; Schema: public; Owner: newuser
--

ALTER TABLE ONLY public.fantasy
    ADD CONSTRAINT userid FOREIGN KEY (user_id) REFERENCES public.users(id);


--
-- PostgreSQL database dump complete
--

